,Comment,Likes,Time,UserLink,user
0,"hehehe, asli ini iklan the best bgt,  ngalahin yg di thailand yg katanya keren keren itu,",83,2 months ago,/channel/UCiAR7WiU3vsCIRg0o6VR9sg,Fakta Sejarah
1,Ini yg bikin skenario dan kata-katanya siapa sih ? Hebat. Bikin saya senyum2 sendiri. Soalnya ngalamin juga nunggu paket kayak nunggu hadiah padahal beli . Ditambah lagi Ariel yg main duhh..jadi makin cinta . Bikin serries nya dong tapi harus Ariel yg main.,350,2 months ago,/channel/UCLCB28uO8psroD0aBgK6lSA,Flowlea
2,Sumpah iklan nya keren bgt. Selalu suka kalo Ariel lagi ngomong. ğŸ˜,152,2 months ago,/channel/UC6sBEqP_Gm48jMIXt0KcnqA,Dina Agita
3,"Dalam hal apapun Boriel selalu memberikan yang terbaik agar dapat dinikmati oleh semua orang, keren, sangat menginspirasi dan memperhatikan kualitas dari produk atau seni yg dia kerjakan",47,2 months ago,/channel/UCBRyIhRUzRv7PEv2LcA_TaA,Hilyaa 3393
4,"cinematic dapet, comedy dapet, punch line dapet, goal iklan dapet....mantep banget konsepnya..sangat relate dan cocok dengan selera humor Indonesia...dua jempol dah..btw boleh tau siapa director nya ya?",77,2 months ago,/channel/UCrwqvGrfJzp1Jcc0UvL85HQ,Ibnu Chep
5,"Keren banget iklannya,apalagi suara bang Ariel bikin hati adem",97,2 months ago,/channel/UCyoagCLF5FMTARIbP5QxwRg,Sur Yani
6,"dari iklan ini, jadi bisa liat sisi lain dari kang boriel nih, dia tuh cocok banget kalau acting, pasti bakal trending nih iklan, kang boriel memang legend, kalau ini tayang di tv makin viral",190,2 months ago (edited),/channel/UCty_9t_Alc0txye1O6UDAzQ,Khrisna Reza Fauzi
7,keren jirrr narasi dari bbrapa potongan lirik lagu dibalut dengan komedi dan akting yg mantap iklan nya jd membuat senyum senyum sendiri,152,2 months ago,/channel/UCPIfUZe4uoj_tqK2q2gk6Mw,fajar gustian
8,"Otak tim kreatif Gojek ni emang beda .. 
Makin senang jadi Driver Gosend ni wkwk",147,2 months ago,/channel/UChQK_An9Sx20rP6vWyCyXmg,Sigit Pria Atmaja
9,"Gilaakk pak bor profesional kerja nya ,gak cuma di lagu yg bener2 dipikirin kualitas suara + sound nya ,di iklan juga dipikirin sampe se detail sejernih ini ğŸ”¥ edan lah",60,2 months ago,/channel/UCMhMZ0or2rbsN-pGoKkOwqA,Denis Radhanta
10,"Ya Allah bang boriel bisa kocak begini, lucuuuuuğŸ˜",170,2 months ago,/channel/UC83egd8aCaevidB8p5pkbSA,Arihana Khairunisa
11,top buat gosend pinter cari talent ğŸ˜€ tim creative mantaap,39,2 months ago (edited),/channel/UCRIQXH2F8hW61N3QHdCBrmA,Muchlis Ali Hakim
12,Good Job Gosend x Ariel creative genius iklan ini sangat menghibur ğŸ’¡,77,2 months ago,/channel/UCVfy_PiJSbirah5fjJdLJ7Q,Faizal LFT
13,Lucu ya Allah...senyum2 sendiri lihatnya. Natural sekali akting bang ariel...,71,2 months ago,/channel/UCOsXxmzbZNlojIl_N0tQg9Q,elya kyutt
14,"Ketawa ketawa sendiri jadi nya mang sampe di ulang ulang ğŸ˜‚
Emang keren bang boril",43,2 months ago (edited),/channel/UCzDY8cvBWR6zLxuHTFNsMng,Egi Sukma
15,"paket komplit yaak,, dari model iklan, yg jadi naratornya sampe ngisi lagu backsoundnya,,,terbaikkk bang boriel  *emot love",138,2 months ago,/channel/UC3T5jXBLhn-9bkPxl1fp2Fw,dusty pink
16,Berharap ada behind the scene krn pasti dikerjakan dg luar biasa,84,2 months ago,/channel/UCuS3P2XLGTbxb--pnHsGeUQ,Rhapsody Asik
17,Gilaaaaak ini si keren bgt iklannya.. ariilll kamu juarakk. Gosend ga salah pilih model.euyğŸ¤© #gosendinstant,56,2 months ago,/channel/UC7ArGWqvlo6YxcUM9eMNB5Q,Dede Rosnita
18,"renyah bener suaranya boriel,, gak kerasa liat iklan 2 menit lebih,,,",249,2 months ago,/channel/UC4MQ1xcLysza0hZGWI7ihkA,lyne melyne
19,Rilis Behind The Scene nya dong min. Apalagi pas lagi baca narasinya. Kagak mungkin kagak ngakak ariel bacainnyağŸ¤£,54,2 months ago,/channel/UCkzVZ_ZDg2zBZzlWQ2PBlug,Lia Faizyah
20,"Tim kreatif gojek ğŸ‘ğŸ» iklannya selalu lucu & menarik. Kocak bgtttt mana depannya udah cool, eh cuma gegara nunggu paket wkwk. Ternyata lagu2 peterpan/noah aplikatif ya buat nungguin paket haha. Aransemen lagu menunggumu juga kece!",20,2 months ago,/channel/UC6oplEDpvvqnjpDfYXzsoIw,Agustina Anggraeni
21,Asli na lucu kata kata lucu disuarakan secara intonasi puisi dan yang bersuara the one and only arielllğŸ˜ğŸ˜†,177,2 months ago,/channel/UCI7oU_ms5_ulRhcuOuqxzDw,Lina Budiarti
22,Good job gojek indonesia. Makasih udah ngajak ariel di iklannya. Lucu banget gatau lagi hahaha.,101,2 months ago,/channel/UCJQUQqvCBeIFH4rROuUB8vw,Fudge Brownie
23,"Luar biasaaaa ,,, kreatifnya kaga ketolongan ... gk cukup 5 x muteer iklannya ,, baru x ni betah banget liat iklan ... ğŸ¤£",50,2 months ago (edited),/channel/UC377ASX5BBchROv9PQTiGHg,Galaxy45 Chanel
24,"Anjirrr, baru kali ini betah nengok iklan sampe detik2 terakhir, biasanya diskip. Cocok jadi aktor, Bang.  Pokoknya satu kata buat Bang Ariel ""PERFECT""",19,2 months ago,/channel/UCsvIg9-LYc6LIaknNWzAofw,Rani Tumanggor
25,"Wow keren bangetzzzzz Aa Ariel NOAH
Suara nya ademmmm banget
Recehhhhhhhhhhhhhhh banget Aa Ariel Bikin pingin ngulang berkali kali video ini",62,2 months ago,/channel/UCy0sAM8KEjdBOYNPq3qom_w,Siti Singgih Rusmanto
26,Baru kli ini liat iklan ga d skip. Krna ada ariel..bgus bnget akting nya,40,2 months ago,/channel/UCTGtFnP5AwceCgMNtxzKsAA,Sho Pia
27,Krennnn banget luar biasa kolaborasi ğŸ‘ğŸ‘ğŸ˜‚,45,2 months ago,/channel/UCydbpqyu-9opw4aH5TCzkGQ,Aril Aril
28,Kak Ariel emang nggak ada lawan nya . Hebat karya-karya nya..,9,2 months ago,/channel/UCldh3oxFy5vCC5zJtfUUJfg,waroeng Kak ros
29,edas niat banget nih bikin iklan. gosen luar biasaaa.,36,2 months ago,/channel/UCrlirskJMrjYNi1tvf35pOA,hudori arafat
30,"Oh my God, gara-gara menunggu, saya jadi nonton ikan ini berkali-kali. Padahal nonton iklan lain yg autoplay aja males pngn cepetÂ² diskip",122,2 months ago,/channel/UCvUAbTN6IyCmt4qrsCl_t5A,Sadi Rosadi
31,"Syairnya bagus bikin senyum"" sendiri..ğŸ˜‚ğŸ˜‚",25,2 months ago,/channel/UCilSAyHWlrCYxZnvUMWwXPA,devi.dd_
32,"Kang Boriel turun tangan, langsung jadi super keren hasilnya. Kolaborasi yang keren Gosend-Kang Boriel-repetisi membuat gergaji (Gaji yang Ger)-nyuci motor tetangga (kaya Kang Armand, agak mirip)-gitar dipetik, padahal buah yang dipetik-Salah kirim buat Nunung hahahaha-buat videonya niat-narasinya niat-semuanya niat dan akhirnya menghasilkan sesuatu yang luar biasa.

Iklan pertama yang saya tonton full tanpa di skip.....lanjoet",27,2 months ago (edited),/channel/UC_JP-Pfl-mTz53j5-oXxi_Q,Keluarga Imron13
33,"Menghibur sekali iklan ini wkwk, keren konsepnya.",52,2 months ago,/channel/UCQIc_BKV8onYInSaDrzYyeg,Time Traveler
34,"Keren banget iklan ini, sangat menghibur.",53,2 months ago,/channel/UCCiZxrdydCVlKiTLD10Uy6w,Jedi Suhirman
35,"Kalau ariel buat filim cinta2 , ga tahu berpa ramai orng pergi tengok, huhu mmng dah best my idola",61,2 months ago,/channel/UCaY7DAK9Sz5GVfK-CZXl_5A,Ejoi Joi
36,"Keren bgt kang boril. Kocak dan kata"" nya bagus . Pas di akhir ternyata ordernya sepatu, harus nya collab sma brand sepatu yg kang boril pakai itu lho. Aku jg kepengen sepatu nya keren tp blm ke sampean buat beli..wkwkwkwkwk..",21,2 months ago,/channel/UC89z5YuTYjdgoHVfdprH3gg,Fuji Onoy
37,"Kocak bet dah. 
Waktu si ibu bilang ""Mirip Ariel yaa""
""Ahhh Engga, jauhhhh"" 
Xixixix",90,2 months ago,/channel/UCLLuyvo1d4X7gsus_RlKFbQ,Mcqueen Gigih
38,keren..walaupun jadi ketawa pas ariel teriak gokil  tapi lucu,19,2 months ago,/channel/UCHHys6VOmlRm5qYNjltiXxg,khairana humaira
39,"Momen lucu ketika boriel nyuci motor tetangga tanpa sadar ketika pemiliknya keluar teriak ""oi ril"" Ketika itu juga boriel kabur ğŸ¤£",40,2 months ago,/channel/UCqZpflkQq6-bDcweWxzvvSA,Putra Kencana
40,Mau tertawa apa terpesona sih ğŸ–¤ğŸ˜‚,104,2 months ago,/channel/UC-2uxHai1Eajghib806Z3ug,kentang_rebus72
41,"Waww kereenn gosen bisa pakek ariel luarrrr biasaa, bhd aak boriel sehat2 ya kang",132,2 months ago,/channel/UCxMVbD-ieyqyg7LJc7OJEgg,nadka mm
42,Wooooww..boriel bintang iklan gojek...seneng deehh...aku pelanggan gojek..jadi bisa lihat boriel terus setiap ada iklan nya..,43,2 months ago,/channel/UCVZoRnPt3WwD593gcBvEJQA,Mia Isporima
43,"Woooooow wkkwkw ide sama pemerannya out of the box sekali ...maju terus gojek , Ariel + noahnya",10,2 months ago,/channel/UCYoTCwM4HnB94cHGgA0I7lQ,budi habibie
44,Ikalannya jadi menarik sih.. Salut tim kreatif gojeknya.. Boriel juga kocak disini,48,2 months ago (edited),/channel/UCQMVDhrc9JSLMtGZYE0HYSg,Zalarifin Zal
45,"Salah satu iklan terbaik, buatan anak bangsa. Keren! Atau kerna Ariel jadi keren. Hahaa",80,2 months ago,/channel/UCXvlXV4yfLUC8Sr2sYGBzFw,CND Makeup Artist
46,Another iklan yg ga gua skip selain iklan head and shoulders nya Joe Taslim ğŸ˜‚ğŸ˜‚,58,2 months ago,/channel/UCWsshIkKpdp-yVYDIEacr2Q,Reza Tansri
47,Kocak abissss...  Gak nyangka bang Boriel bisa acting lucu kyk gitu ğŸ¤£ğŸ˜‚,120,2 months ago,/channel/UCVaf1tNep9-0GpFk_ndfntA,Toni Rahmawan
48,"Iklannya keren karena ada Aa Boriel ,,Keren bgt acting dan kata2nya ğŸ˜„ sukses trus AağŸ˜ŠğŸ‘ ,",34,2 months ago,/channel/UC23Beewc173DfyHf13Z9oFQ,Jumi Ta
49,Denger suara ariel bkin hati adeeem,48,2 months ago,/channel/UCTGtFnP5AwceCgMNtxzKsAA,Sho Pia
50,Diulang2 terus nontonnyaaaaa â¤,54,2 months ago,/channel/UCQaUAvh8ddKBs_-UEvpjlNg,siti nuryanah
51,Bisa keren gitu yah iklannya..bikin senyum2 sendri hahahaha,48,2 months ago,/channel/UCjesfano3xhUL_KcGtFk9pQ,Herdiansyah Soleh
52,Gokil Kang Ariel x GoSend,85,2 months ago,/channel/UCrqbU67CbvUiEI0AggRgRwg,Prince Dave
53,story telling nya mantep dahh! S3 marketing,26,2 months ago,/channel/UCD6dvMvq0cKB2stJUFH8icg,Ilham Faniansyah
54,Satu kata buat Ariel.. KEREN,66,2 months ago,/channel/UCG0BMl5eMRQYYLwulm0g7yQ,Dea and Family
55,Auto Trending satu...ariel luar biasa,26,2 months ago,/channel/UCV75Mm0V4AWCtRca5XiDzRw,Wonx Bengen
56,"Narasi nya keren, akting nya real banged...dan Permisiii Paketttt...kata2 merdu di masa pandemi...hahahaha...mirip Ariel ya...gak ah Jauhhh... ğŸ¤£ğŸ¤£ğŸ¤£ğŸ¤£ Keren abizzz",64,2 months ago,/channel/UC5U06bS1tIqifaPPHPIFeGQ,Dewi Melati
57,"Kerennnnnnn banget,dan yg lebih lucu nya lagi sangkin menunggu nya Ariel nyuci kreta tetangga . Aku baru NgahğŸ˜‚ğŸ˜‚",24,2 months ago (edited),/channel/UCr5xTsHFyIuT6JUduoqnPnw,bagus sihombar
58,Gila keren banget ka Ariel ğŸ”¥ğŸ”¥,28,2 months ago,/channel/UC1gi1G7s0ffIVBHkot3BzTg,Sri astuti Astuti
59,"Ngomong"" soal gaji, apakah gergaji adalah gaji yang lebih ger? Keren bang boril bisa receh juga ternyata wkwkwk",98,2 months ago,/channel/UCNKwb9SuxuY5sKSeG4WJj9w,It's TIME!
60,ğŸ˜†ğŸ˜†ğŸ˜† mewakili saya ketika belanja online anjir mirip kisahnya kek gua,33,2 months ago,/channel/UC_qYfxGTQDhwc6pgOtzHU1A,ical Karuniaabdi
61,Malaysia adir Ariel memang keren banget mantap pandai buat lawak,22,2 months ago,/channel/UCP0GTDT6qsBeUs_phsSyp3g,Suryani Ahmad
62,"sebenernya masih bingung kalo pake gosend untuk ambil barang di lokasi lain untuk di anter ke lokasi kita sekarang, jadi aku pake goride untuk gitu tapi ga semua driver mau kalo kaya gitu pake goride.",20,2 months ago,/channel/UCnVLu1RsB4_OUGCWHDhAZsw,Prince Ali
63,"Baru kali ini aku liat iklan di pencetğŸ˜‚ biasanya di skip, soalnya mah yg bawain ariel NOAH ğŸ˜‚",54,2 months ago (edited),/channel/UCjXNkzpwsB3aegd2mU_9DmA,Hagel Kamil
64,"BARU KALI INI IKLAN GOJEK YANG SANGAT BAGUS DAN MEMUKAU.

BORIL KEREN DAH.. tema vidio iklan'nya SEDIH nya ada LUCU nya adağŸ¤£
SEMOGA GOJEK MAKIN SUKSES DAN JAYA DI INDONESIAğŸ‡®ğŸ‡©",10,2 months ago,/channel/UC1O-XYs-q0y2chI4C_RLcZw,Dalbert Brandy
65,"Paket datang ternyata Salkir. Lalu ""dan terjadi lagi....""

Plot twist ğŸ˜‚ğŸ˜‚ sabar ya bor ğŸ¤£",48,2 months ago,/channel/UCLmRSBEcVJWZ3loD_SO-MtQ,Yussidah AT
66,Kreatif.. Komedinya dapet.. Tp arielnya tetep ganteng,23,2 months ago,/channel/UCBkTXsfCQ1PQVFmSMS4wboA,Arian Zan
67,Keren buanget euy mang boril udh kasep bisa puitis+ngalawakğŸ˜‚ğŸ˜‚ini mah hrs aing share biar trending bahkan kalau aing nggk share aja mungkin trending buanget ini,19,2 months ago,/channel/UCtCyriiI6zJ13rY-rC_4vLg,ARD GAMING
68,Sejarah hidup gua nonton iklan terniat dan diulang ulang ğŸ˜ğŸ¤­,119,2 months ago,/channel/UCljOjvP69D2AYO1gTJC95Dw,Renie Martini
69,Acting ariel keren juga,37,2 months ago,/channel/UC6orSdpGDHywztAnBJ2BJmw,Nur Janah
70,Bikin webseries keren nih kayanya...ğŸ‘,25,2 months ago,/channel/UCAQ5D_Obs_yVoii9nbTnOTw,Oktavianus Rully Abriyanto
71,"luar biasa, gojek kian melambung dengan ad nya ariel noah",65,2 months ago,/channel/UCdy3u4G3HBmL4cti7YfhJPQ,NARA CHANEL
72,Kebnyakan bergaul sama Bang Haji Andre ini jadi lucu wkwkwk,37,2 months ago,/channel/UCRuJOx1D-qF6A-DV3hDwidw,Youngky Bagushermawan
73,konsep yg matang.. salut buat gojek,14,2 months ago,/channel/UCUjFMHnl9N1wAgtfQXCRaWQ,Sayfull Achmad
74,Intonasi puisinya anjim banget. Ditambah suaranya bikin merinding,96,2 months ago (edited),/channel/UC36AQ8cvvZ1uqHLMvPKIu4g,Ahmad Fahmi
75,"Njiiirr keren pisUn euyy,, mantap aktingnya si akangğŸ‘ğŸ‘ŒğŸ‘ğŸ‘Œ",25,2 months ago,/channel/UCIqhXrV2LiXw40NanzwPb7A,Rivaih Achmad
76,"mantapğŸ‘ğŸ» Gojek selalu bagus Iklannya ğŸ”¥. ohiya durasi iklannya kurang lama,  bikin sejam dong kuota Kemdikbud saya masih banyak nih soalnya",19,2 months ago (edited),/channel/UCg1ADb83yGG3TuHKKeFAFIw,Awhizkid
77,Ngelawak dengan cara kerenğŸ‘ğŸ˜‚,38,2 months ago,/channel/UCOiEARJeyaDSO9abIk4CeKA,Adam Firdaus
78,"Ala"" anak indie dengan komedi ğŸ¤£ğŸ¤£ğŸ¤£ğŸ¤£",65,2 months ago,/channel/UC1n8XGF8Yj--xfo2jGiftQg,Almecca Ramadhani
79,"Perkara nunggu paket ampe bersihin motor tetangga, hahaha. Boriel gokiill,",16,2 months ago,/channel/UCrEyH1V_gt2q4softQPW5Sw,EL' Ramli
80,Lucu boril...trus kata2 nya bkin meleleh,52,2 months ago,/channel/UCTGtFnP5AwceCgMNtxzKsAA,Sho Pia
81,"Iklan terbaik ,video klip terbaik bintang di surga",23,2 months ago,/channel/UCFNHiKEbMdk3Gn9Zh5i-HiQ,nontondong tv
82,iklan yang saya tonton sampai habis terus di ulang lagi. magnet!!,64,2 months ago,/channel/UCmMSCjI6Dx5Q9GkUjcmrjzg,Visual Flow Presets
83,"Secara tidak sadar itu yg ngomong ""mas , lagi nunggu paket ya"", Kang Lukman (kurir) wkwkwk",58,2 months ago (edited),/channel/UCZczSbNOzWO95bXVds8XmAw,OneSixTwo Gaming
84,"Seandainya kita semua cinta buatan Indonesia, InsyaAllah kita membantu gojek dan mitra maju sejahtera,amin",6,1 month ago,/channel/UCam0cTu0X_jh9tX56CKQUfw,Ayub Budianto
85,"Gergaji adalah gaji yang lebih ger, wadaaww ğŸ˜‚ğŸ˜‚ğŸ˜‚ğŸ˜‚ğŸ˜‚ğŸ˜‚",39,2 months ago,/channel/UCJtDlVRCCtxVlC30GLb-EfQ,Cesar ANW
86,Luarrrrrrrrrrrrr biasağŸ˜‚ğŸ˜‚ğŸ˜‚ğŸ˜‚,28,2 months ago,/channel/UCizB7JqCvXiVs7vAtmDh1Pg,Amar Nurdin
87,"Hadiah ulang tahun terlucu ğŸ˜‚
Happy birthday aağŸ‰",13,2 months ago,/channel/UCBNQbioupDQQO0sYMbaJelw,Herlina Sitompul
88,Siapapun yg colab sama ariel Noah auto saya like Komen dan subscribe. Btw konten nya totalitas banget sumpah!,10,2 months ago,/channel/UCTl-FppVdXnTsYkpudgiBCg,Riki Mariadi
89,"""iri ga? Iri lah masa ngak"" ngakak njirr ,, ğŸ˜‚",53,2 months ago,/channel/UCFMpIhwpxhpVHbg-GH1Otqw,UZIB ART
90,Gila sih penggalan lagu2nya di satukan sama kejdian menunggu paket datang. Mantep sih konsepnya gojek pasti ada aja jalan buat nambahin customer nye nyenengin customer nya ğŸ¤£,6,2 months ago,/channel/UCIcRtXDmAZMdgOoDfUqDOAw,Taufiqurrahman Oppo
91,baru dengar bang boriel teriaknya lepas keren.,36,2 months ago,/channel/UCzry02onFjXbJz7LMNwIMjA,Naura Family
92,Keren iklannya sampai ngak aku skipğŸ˜‚,16,2 months ago,/channel/UC6_T5FycowFAVcfWDMQtr4w,Dini Lestari
93,Ayo bang boriel keluarkan bakat2 lawakmuğŸ¤­ selanjutnya ditunggu loh eheheh,40,2 months ago,/channel/UCyZyBtLlYdYMaPctHYg4iig,Ismi Ranuri
94,Luar biasa keren kreasi Go-Jek x Noah,6,2 months ago,/channel/UCAK_WOg31w2QajsRcl5byQQ,Novian Syah
95,Jadi in brand ambasador nya gosend donk..ğŸ˜ğŸ˜,24,2 months ago,/channel/UCJ5RWeLA8_og4Cxlt69YunQ,NyiT_ NyiT
96,"Gokil sih ini tim kreatif nyağŸ‘ğŸ‘ğŸ‘, biasanya klo iklan di skip... HahağŸ˜‚",7,2 months ago,/channel/UCEktPEi8aQPal950z4cENwA,Musisi AbalAbal
97,"Girl : ""mirip Ariel yah""
Boy : ""ah enggak jauh""",18,2 months ago (edited),/channel/UCsBf6BfQqllZR7MtKyxNRXg,Bagas Setiawan
98,Narasinya gokiillllll ğŸ‘ğŸ‘ğŸ‘ğŸ‘,62,2 months ago,/channel/UC6JHI9oEHqXzg5OP_HYJDaw,Laaaaaaa
99,"liat berkali2 nggk bosen ,masih senyum2 sndiri",6,2 months ago,/channel/UCl35E04EC84vLCAbZoN9OhA,Nanik Rohmah
100,Suarx itu lho yaa allah mantul bgett sukses trz kk arieel..ğŸ’,26,2 months ago,/channel/UC9laKbGLQLg4hC6h8umtfQA,nur naila
101,Aduh emang keren deh Karya anak Indonesia bangga bgt ğŸ˜‚. Karna sepatuh aku disini ğŸ˜‚,7,2 months ago (edited),/channel/UCjmGKATrAXsDB_yggGAeDTw,Nur Siti Holilah
102,"Pas lihat....( paket ini bukan aku pemiliknya )...
Auto ngakak lihat ekspresi borielğŸ˜‚ğŸ˜‚ğŸ˜‚",23,2 months ago,/channel/UCKtVCID8C-TpH4H2w00Tjag,Muis rt 08
103,Iklan apapun asal BA nya Ariel Noah ga akan di skip. Malah ditonton berulang ulang kali wkwwkw,13,2 months ago,/channel/UCClrYR0ypJIEyfVRh7ntaRw,Nazhar Shiddiq
104,Kereeen. Ditonton berulang kali tetep aja ngakak ğŸ¤£,8,2 months ago,/channel/UCFII0xWmWEh-R4gKSrMKqAg,Nof K
105,"Baru kali ini nonton iklan diulang-ulang, biasanya langsung skip hahaha...",18,2 months ago,/channel/UC4cBsskZJnZHsv1jvYcieUQ,Nawa R
106,Gabut = gaji buta ğŸ˜‚ğŸ˜‚,24,2 months ago,/channel/UCYpgcB1C2zLR-tOWyy2mdhQ,_ Email
107,"Ariel... orang cerdas
Ariel ..sang puitis
Aeiel...sang penulis
Ariel..sang arsitek
Ariel...sang penakhluk wanita
Ariel juga...sang rendah hati
Sukses kang ariel",5,1 month ago,/channel/UCNzZvOrKk33_o8zzi__iEuw,Muji W
108,"Narasinya bagus, peran arielnya juga bagus. Keren lah gosend",8,2 months ago,/channel/UCxXJegmLmhfU4wIehtrm-hA,AM Galeri
109,Keren nih agency nya..,27,2 months ago,/channel/UCgscle6lzn5UOc8MkLkuUNQ,Wisnu Andri
110,"Siapapun tim produksi iklan ini, elu kereenn bangeet ğŸ‘ğŸ‘",7,2 months ago,/channel/UCGzmQdpfpJpT2V6qgdRGJvg,AbilBantet
111,Gokil ariel actingnya 2:10,34,2 months ago,/channel/UCusJMboYoZlpjXdTmTdzPEw,draken mikey
112,coba Ariel yg jadi kurirnyaa beuhh seneng banget wkwkwk,15,2 months ago,/channel/UC9fpqWQmK4zJd3qgcQiQ8Sw,wahyu firdaus
113,"Ini baru iklan yang sangat ciamik,, ide cerita nya lucu bagus ,, ini iklan terbaik yang pernah aku liat,, pintar yang buat iklan nya ğŸ‘ğŸ‘",5,2 months ago,/channel/UCi4ClVQI3t_9f-7tqSPZdfA,Dani Ramdani
114,"Mampir kesini karna bang Ariel gokil banget sih ini iklan sampe ngakak gue tiap dialognyağŸ˜‚
Kreatif banget sumpahğŸ˜­ğŸ˜‚",4,2 months ago,/channel/UC3lnC_uOic3X-44l-nIG7xg,DB20
115,HBRD wish you all the best Ariel,101,2 months ago,/channel/UCUqM4f-GGCriWZiEdCgchdA,Adelia Pinnot
116,Iklanya ditonton berulang ulang tetep ng boseninğŸ˜ğŸ˜,8,2 months ago,/channel/UCgKHi73Brj_kD8GEflLG-Kg,channel aqlabiek
117,SAHABAT NOAH NUSANTARA...ğŸ™ŒğŸ‡®ğŸ‡©,33,2 months ago,/channel/UCMUGOcfnMXnQapH3qQiElrA,Mardhal Channel
118,"Rumahnya No. 4 H
Canda NOAH ğŸ¤£",26,2 months ago,/channel/UCYMYEWQ9b5jwt9nxiiKa-2A,Huda HET
119,Dari dulu kata-kata Boriel sangat puitis âœ¨ğŸ˜…,86,2 months ago,/channel/UCneCY9qoYhMRzQ1prilhcKw,Nazrul Fhang
120,Dah cocok tuh bang boriel main film donk....,37,2 months ago,/channel/UCxU3WhKkSdQD8WKBY8ljiHA,gerhanie hanie
121,"Gojek kan paling jago kalo bikin iklan, dari komedi sampe serius bisa, mantabğŸ‘ŒğŸ˜",0,2 weeks ago,/channel/UC9DmoKR-7sG4Owmnvm8IA-Q,Dhany Muhammad
122,"Gak cowo gak cewe liat Ariel pasti terkesima,panutan emang",7,2 months ago,/channel/UC1ix5ULLoR2wlClc-B_PuMg,Legend Gaming
123,Epic ğŸ˜‚,18,2 months ago,/channel/UCpipOVkWUcPUrtSM6xyd0tQ,Joey
124,anjiiirrrr kok ngakak endingnya ğŸ¤£ğŸ¤£ğŸ¤£,9,2 months ago,/channel/UCkqprUcUWtLUrKoGfPKb2GA,Callsign Motegi
125,Kocaaaakkkkkkk... Ada aja idenya keren,9,2 months ago,/channel/UCQ7h3k3dHDKE23pEUBCUvKg,Raden X
126,Kesini gegara iklan Gosend di Efbeh ğŸ˜‚ğŸ˜‚ğŸ˜‚,17,2 months ago,/channel/UC0cpq98YpNyeNXb5h_lqBZw,R_Channel
127,"Keren...disini Ariel akting, nyanyi dan baca narasinya jg",8,2 months ago,/channel/UCytu9exM6MHWAgt6ytg1k8w,Anna
128,"Gw yakin rating Gojek beberapa hari ke depan langsung naik,walau receh,setidaknya seorang ariel bisa ngelawak,dan berakting..ğŸ˜ğŸ‘",6,2 months ago,/channel/UCnu4R_z9ti3ZWWDFCmW8tUg,Andhika Eka
129,duuuhhhh suara kamu bang Ariel ğŸ˜,19,2 months ago,/channel/UCZlq0y87lBhdaFK5FkvMOhQ,Yusnita Yusuf
130,Jadi tambah semangat nih bos gw sebagai mitra gojek prioritas Gosend smngtttt ğŸ‘ğŸ‘ğŸ‘,3,1 month ago,/channel/UC7qajK4vpdaN1sryVi0XIsg,delta fauzi
131,Ngakak.... ğŸ˜‚ğŸ˜‚ Kereenn bgt siii,24,2 months ago,/channel/UCmQQJ5WPK6TqUrPry8faHCA,mailinda hasan
132,lucu sii kirain motor dia yang di cuci eh motor orang ternyata,87,2 months ago,/channel/UC9Rj8LycgHZDd6QskIOFAqw,main Personaal
133,"Makasih Gosend, bisa buat aril stand up comedy ğŸ˜‚",5,2 months ago,/channel/UCyFzAqqN3BhmSrBSxq1Ib0Q,wildanul irsyad
134,Bang ariel cocok kalo solo karier. Suaranya sgt akustik,5,2 months ago,/channel/UCCewDg443Ed9bNVXyeVSxrw,sayyidizzat
135,GOKILLLL,96,2 months ago,/channel/UCFUNn9Buzz1NDmc0BWObEzg,Gametorialist
136,"Keren banget Ariel, gak salah dari awal mengidolakan sosok nya ...mantap banget",3,1 month ago,/channel/UC0KwTI-W_6Wfj3N69xiIxag,KecaMbah Googel
137,"Aku baru nonton iklan ini, baguss wooii lucuu. Relate banget sama kebiasaan orang negara ini",7,1 month ago,/channel/UC5IEHMAdQNsZWOVSWnZwDGQ,Unite Joy
138,Keren bintang iklannya lord boril.,64,2 months ago,/channel/UC13Xd9VWgOLkElTJ-LhxDgQ,Rajalaya Al id
139,ANJIRR BORIELL BISA NGELAWAKKK,195,2 months ago,/channel/UCRx_7fSEuXAzLnzNmZsjDxw,Andrez Official26
140,Yo ngakak Yo sedih ......ya Ela ril boril ğŸ˜€,21,2 months ago,/channel/UCEr9NOdqYuEhmmVKmr6K_bw,roblox mm2
141,"suaranya joss banget didenger pake headset, baru kali ini gw sengaja nge klik iklan haha",3,1 month ago,/channel/UCNDSzGi3RqxVgUjAeJyMI0Q,Novi Amelia
142,"Aduhhh kang Aril knp gokil bgt ,skarang para komedian benarÂ² ter ancam posisinya ,karna para musisi skarang jago ngelawak ğŸ¤£ğŸ¤£",5,2 months ago,/channel/UCHC9Ug2QUOmSO4JxPcxfZOA,Ilham Pujiansyah
143,"Kerem lah boril.
Ga setengah setengah kalo bikin sesuatu.
Biasanya iklan di skip, ini malah nonton Iklan.
LUAR BIASA",7,2 months ago,/channel/UCJMjZZ7vnPuQu2RXnby-i3w,todhi setiawan
144,gila suaranya good job gojek,4,2 months ago,/channel/UClK12iQh0f5yMIvYixlOp6A,Fazriatul Ummah
145,"Ha ğŸ˜‚ğŸ˜‚ğŸ˜‚ğŸ˜‚ğŸ˜‚ğŸ˜‚ğŸ˜‚ğŸ˜‚  gue ngakak liat  lucu juga, keren juga",15,2 months ago,/channel/UCNhOkSU3H4xHY4DV_0mZJnw,Wilian cahyo Pratama
146,"Ahahahaha kocaaak ,, kereeen",19,2 months ago,/channel/UCSKslAgOv_eX6ne15RRqYyg,Neng TYS
147,Semoga saya bisa seperti boril ğŸ¤²,13,2 months ago,/channel/UC2GuXfW9Cs_RdZs7DZmZmwQ,revan 88
148,"kayanya nanti kalo iklan ini lewat pada ga skip deh hehehe

1. Apakah gergaji adalah gaji yang lebih ger ? 
2. Seneng ? Ck... No ah
3. Bedanya kalo gitar akustik, kalo akustuck
4. Kenapa gitar dipetik ? Padahal bukan buah. Hmmmm...
5. MISI PAKET... Akhirnya ! Dua kata indah itu terucap
6. Apakah ini real Ariel ?
7. Iri gak ? Iri lah masa nggak
8. ğŸ¶Karena sepatuh aku, disiniğŸ¶

Ahahaha bikin senyumÂ² dan ketawa sendiri liat ini ğŸ˜‚ Btw salfok sama nomer rumah nya No. 4H â¤ï¸ totalitas banget deh aa ariel aktinya ğŸ‘ğŸ˜‰",41,2 months ago (edited),/channel/UCBNDjPPyqQjExSRjThxFbqg,Ecawidi81
149,Cinematic sekali ğŸ˜‚,23,2 months ago,/channel/UCUQTOnWPpkrHVfyZmbK-mpg,ranai putra
150,Tawa ngakak gua liat nya. Suksen buat Go-Jek tentunya buat boriel juga,4,2 months ago,/channel/UCdfBGmqFy5bXjYNUQzDi8ng,è€‚Æ¦Ğ„Ä GURUH
151,Suaranya keren banget....karena sepatuh aku disini,3,2 months ago,/channel/UCDK_N-HG56CJlPzAL7vCagw,Moralis 86
152,Ngakak ending nya a ğŸ˜… ğŸ˜…,30,2 months ago,/channel/UC0tOSsyIJdO5e6B4aWiA4Uw,Man Anna net
153,"Karena areil aku komen like subcribe, sukses buat Ariel dan gojek... jaya trusssss ğŸ‘ğŸ‘ğŸ‘ğŸ‘ğŸ‘ğŸ‘ #SNsemarang",6,1 month ago,/channel/UCMeUAO0r5-iv8SpzekxU83A,Cowok terkece 31
154,"HBD borielll , trus berkaya buat lagu fenomena lagii",5,2 months ago,/channel/UCO4f3ma4ERt44Zv8JrGd7RQ,Angga Media07
155,"Njirrr kok baru tau gua iklan Boriel ngelawak gni wkwkw ğŸ¤£ğŸ¤£
Tpi kerenn abiss dah Idolaku iniğŸ˜ğŸ˜ğŸ˜ğŸ˜‚",22,2 months ago,/channel/UCld1ixTRyQXs-UQP3ZcNkfg,Fer Dlaw
156,"Duh lucu banget. Detail alamat nya, backsound, plot, naskahnya ğŸ‘ğŸ‘ğŸ˜­",8,2 months ago,/channel/UCLd7NDM_SuAWiERjsueDrgw,Layla Syana
157,"biasanya iklan tuh di skip.tpi yg ini malah ku ulang"" sambil seyum"" sendri ğŸ˜Š",6,2 months ago,/channel/UC_fRwWhOuhEtrws66SiLk3w,erna yuliana
158,renyah bgt suaranyaa,45,2 months ago,/channel/UCrOgpzCZ_Wxz9Z5922vnoJw,Nila Yulia
159,So cute bang ariel... Selalu sukses ya..,11,2 months ago,/channel/UCaFW0g3cxS4MeRFo1MG8Pcw,Miss Greetea97
160,"Wkwkw bisa bisanya ariel jdi gini , keren nih tim kreatif iklannya bisa bikin ariel yang beda. ğŸ‘",53,2 months ago,/channel/UCTDCHsFPYpX2nGyP-cr1Buw,Jari Bandel
161,"mantap dan keren ARIEL,,,akhirnya paket datang juga",6,2 months ago,/channel/UCOQaS_LypFMeKD-obfQZGDQ,nurasni side
162,"Mantap bang boril,, kolaborasi keren gojek x ariel. Ditunggu next project sm bang boril dan noah",1,3 weeks ago,/channel/UC95uWEDw2rTq3Dc56f_xzDA,Ati Mardiati
163,Maa syaa Allah Ariiiieeeellll..... ğŸ‘,23,2 months ago,/channel/UCixyiMVZfxeGiajbyrwfJRg,Nurul Wulandari
164,Kalian luar biasa Gojek x ariel,7,2 months ago,/channel/UCIUBOX9Btm3dBemt7mub--g,Ashid_id
165,Makasih yaa. I'm not ok right now but this ad make me laugh and feel better.,5,1 month ago,/channel/UCOx9rdfiXBjoWZ5XtV8ZlUQ,Syala Montana
166,Kerennnnnnn kereennnnnnn,44,2 months ago,/channel/UChfTcfA45ECWJmVCsLAU6jw,Yt vhan Bettafish
167,Keren. Ariel luar biasa,9,2 months ago,/channel/UCRHs7zIAhUPnQXRg3eoxb2g,Panji Karsono
168,Epic moment.pas boriel teriak.dpt banget feel nya.sumpahğŸ˜,6,2 months ago,/channel/UCOZMQFUvlZ8XtkZIFR-llYQ,Jevier Sisway
169,Suaranya keren berkharisma,5,2 months ago,/channel/UC9nkcpLzs6DEZegZJqV2b7A,Andre Marbun
170,Ini iklan yang gue rewatch berkali-kali ğŸ˜‚,9,2 months ago,/channel/UCW4l-RbSf9Oenm298tETA9w,Warganet
171,"cuma iklan doang viewersnya 4,7 juta gokil, the power of Ariel NOAH!",6,1 month ago,/channel/UC6jJwhRJfIDZhKdt4Wb-0yg,Kevin Arzeta
172,Iklan yang bisa dirasakan...,24,2 months ago,/channel/UC9hkGepvfOT439PREw8hBMA,Su Nandar
173,Gila keren bgt. Iklan se cinematic ini.. Ini mah ada campur tangannya ariel pasti.,9,2 months ago,/channel/UCZeb3a0dV_SugG7MCgWYkeg,Agung Nugroho
174,I love the Jokes Bapack Bapack hahahaha.. Kenalan dong ama tim kreatif-nya.. ğŸ˜‚ğŸ¤£,4,2 months ago,/channel/UCcYBwR4cgVSP-pZdHkDcIig,Tah !toe Project
175,Iklan yang  tidak pernah bosan diputar terus Karena ada arielnya .,7,2 months ago,/channel/UCHHys6VOmlRm5qYNjltiXxg,khairana humaira
176,Moga. Mitranya semakin sejahtera. Dan bonus harian di kembalikan lagi,3,2 months ago,/channel/UCg32ZUigSAECnhHlDQSSehg,Tiar Bbs
177,"Cuma ariel yg bikin iklan tapi tetep di tonton banyak orang, gk kayak iklan biasa yg klo muncul langsung di skip dan kadang suka emosiâ˜º",1,3 days ago,/channel/UCegOsqRLqKEI5xN3b_E-PWA,Diva Saloka
178,KerenğŸ˜ğŸ¤£,23,2 months ago,/channel/UCzWhGJbdx6JMoJUoxYZ0BOw,Rianty Atin
179,konsep Ariel memang lama menunggu dan proses tak mengkhianati akhir menjadi mimpi yg sempurna ... No. 4H,6,2 months ago,/channel/UCPQ6Vn4wJLgUGDd44TgP41g,SMK NUANSA MANGUNREJA TASIKMALAYA
180,Gokil ariel,40,2 months ago,/channel/UCz3wDchYXsMzX9Dvq8HwJsw,Robert Dave
181,Sudah serius2 endingnya lucu ğŸ˜‚ğŸ¤£,9,2 months ago,/channel/UCabYBQBfshPEbjjlNTxBivw,Andhyexs Sytha
182,mantep rezekinya kang boriel.... hampir semua produk terkenal ada mang borielnya,7,2 months ago,/channel/UCE3_b257usx7KKCXd7W8UaA,Muhammad Sidiq
183,"Anjrit! Pulang kerja nyampe rumah buka YouTube nemu ini video yg baru diupload dan senyum2 sendiri lihat seorang Ariel yg cool gitu bisa kocak gini gara2 Gojek..
Keren lah pokoknya kalo udah Ariel yg eksekusi, warna videonya bagus cinematic, iklannya berkelas nampilin Boriel yg keren tapi jadi kocak, apalagi scene pas Boriel nyuci motor sampe sebersih2nya n ternyata dia nyuciin motor tetangganya krna saking gabutnya.. wkwkk
Kocak sih iklannya padahal mah di dunia nyata Ariel ga bakalan juga nungguin paket sampe selebay itu.. hhaha...",12,2 months ago,/channel/UCskwFfHjJGOCxts5dT4g5rg,pujo setiawan
184,"Duh jenius amat si bang, gak kerasa ternyata itu cuman iklan hahahha",5,2 months ago,/channel/UCcpcMn9PkNIvMOmKoJmM4ag,RezaCullen_
185,"Hahaha gokil abis,, luar biasa ğŸ‘ğŸ‘",9,2 months ago,/channel/UCBu99a6giPuVJx7QYSFiTnw,Endang Sutiawan
186,Mantap betul,17,2 months ago,/channel/UCZehCfgUxbIyrL7w4JoGOrg,Yesman Boy
187,"Baru kali ini secara langsung sengaja ngeklik iklan ğŸ˜…
Memang berkelas boril.",6,2 months ago,/channel/UCroyvPhYO3TGltxhCOq2gWA,Abdul Asad
188,IKLAN TERBAIK SEPANJANG MASA..ğŸ‘â¤ï¸â¤ï¸,1,2 weeks ago,/channel/UCeAW2Mi7qOZKn9tgRM6PTow,iyok saputra(impulse)
189,kreatif banget sih skenarionyağŸ˜‚ğŸ˜‚,7,2 months ago,/channel/UCv7reyk4igFbRw6qX6lUA0g,dandy mulyono
190,Masuk semua lagunya ğŸ‘ğŸ‘,7,2 months ago,/channel/UC1SIpPCeY24mgY9FucDw0Yw,GRD - RYDER
191,Kerennn... Baru kali ini ketagihan nonton iklan...ğŸ˜‚ğŸ˜‚ğŸ˜‚,8,2 months ago,/channel/UCS8upH7VMOJ4JYX3ROkrkgw,Naufal Shidqie Izzulhaq
192,Kocak bener iklan nyağŸ¤ª,43,2 months ago,/channel/UCY5MxKnyiSZr22VvFq0XUIw,Melly Ariska
193,Gak pernah ngebayangin ariel bisa ngereceh kek beginiğŸ˜­ğŸ˜­ğŸ˜­ğŸ˜­ğŸ˜­ğŸ˜­ğŸ˜­,8,2 months ago,/channel/UCAfu4Cd7CXoS5Cy6_Fumnvw,nugunde nugu01
194,Ariel vokalis serba bisa acting nya jah bagus luarr biasaa boriel...,5,2 months ago,/channel/UCv5VleqJoUPoJYURw8HlIxg,Anes Imas
195,"Serius, iklan terkeren yg pernah gue tonton, good job lah buat yg bikin narasinya..",11,2 months ago,/channel/UCnZgUE9B3Ajgwb05IgUwvVg,tiny djanarko
196,Dehemannya merdu amat ğŸ˜,6,2 months ago,/channel/UC0TKMsvHdjbmonZTxU-vS6A,Eka Apriliyanti
197,Gak bosan liat iklannya ğŸ˜‚ğŸ˜‚,5,1 month ago,/channel/UCbowdJOEG0nfrmTKNmfrLpg,HL21 FILM
198,Serasa bukan iklan wkwk,15,2 months ago,/channel/UCslACQPe5jcKWo66iiwDmPQ,Muhamad Waliyuddin Abdullah
199,"Bang request dong bawain lagu ""aku bukan jodohnya "" Kayanya lebih hidup ğŸ˜„ğŸ™",0,2 weeks ago,/channel/UCzHiLKsJGxit1HYp4rEvS3g,Bintang Muhammad
200,Kerennn borrr,17,2 months ago,/channel/UCsx_poiHp87lkg7uRWr16tA,Googone 404
201,Iklan yg paling banyak di nonton   cuma babang boriel   heheh   emg luar biasa my idola semoga makin sukses,7,1 month ago,/channel/UCNblYZkXSzb55SAjT4OgKEQ,Sidik Bae
202,"Terimakasih gojek, karenamu ku tau latar belakang ariel menciptakan lagu menunggumu..",7,2 months ago,/channel/UC5OFusAQB-WTDpQ9FeSWvJQ,Haerul Yasa
203,Sumpah skenarionya bangke banget seorang ariel bisa dijadikan humoris dan hanya gojek yg dapat merubah seorang ariel  yg cool jadi kocak,5,2 months ago (edited),/channel/UCwxXgqRblJxfu3oSDlOs4Ww,Cilember Ajja
204,Wah konsepnya gokil,4,2 months ago,/channel/UCmXML1jzzTn2xBlZoXFEu4w,VanJoule 11
205,Asik banget iklannya â¤ï¸,7,2 months ago,/channel/UCtl0qFb1h28lIY2_X_iyHvQ,ga
206,Musisi semakin lucu sekarang,22,2 months ago,/channel/UCtR94KD8bZiSce3FSwONu9g,Nur Afni Maharani
207,jokes bapak2 40 taun yang merdu ğŸ˜­,3,2 months ago,/channel/UCdv6wO4Fqacl3aA5YoemCFQ,Pipit Fitriyanti
208,aril bisa ngelawak juga ternyata,4,2 months ago,/channel/UCK9ohuT-95Tg8NzTkoeyZuQ,Koko Dwiyanto
209,Senyumnya sumringah bgt pas paketnya dtg :),7,2 months ago,/channel/UC8NzMNt8lfiRMi1p67qHsuQ,Ashevin Channel
210,Aaaaa Kang Arieeelllll ğŸ˜ğŸ˜ğŸ˜ğŸ˜,6,2 months ago,/channel/UCPExSZabguF_AKumH4cKiHQ,â€¢Kirinka Châ€¢
211,Pesona Ariel memang nyata,3,2 months ago,/channel/UCT2ET6cE2xWiLIij6v5v8Ig,Boasandhi
212,ğŸ˜‚ğŸ˜‚ğŸ˜‚ngakak banget,27,2 months ago,/channel/UChQ_GQM8XUMnftJLC5tcGmQ,Zizizi zuzuzu
213,wkwk ari bisa ngelucu juga ya.. hahaha,6,2 months ago,/channel/UCxIVwtwQQ3nbS8fqgSpLXuA,LOLO
214,Aa Nariel saat menunggu paket trciptalah penggalan2 kata yg penuh makna indah dan menusuk di hati.. SeSABAR inikah q menikmati iklan kamu Aa Boriel ???? ğŸ˜ğŸ¤©ğŸ˜…,2,2 months ago,/channel/UCPWJIDUyqv5sNpOCUkrb2WA,Ayah Kya
215,Gara2 boriel ae gua nontonin iklan full begini wkwk,18,2 months ago,/channel/UCfTP2EP2Uoom5YFBAdRjI2A,Aldy Krisna
216,Biasanya iklan tuh di skip tapi ini iklan malah dicari cari......ğŸ˜› semangat terus buat ariel noah......kami semua fans beratmu ğŸ˜˜ğŸ˜˜ğŸ˜˜,1,6 days ago,/channel/UCdKQj6yX0pzywUKhVgqUAng,Jibrilll
217,Berkharisma the only one ariel noah made in indonesiağŸ‡®ğŸ‡©,8,2 months ago,/channel/UCcMg3lKJWs-89wsKnEwsUhA,Bang Luppy
218,"lucunya om ariel... hehe, abie sampe ketawa ketawa...",6,2 months ago,/channel/UC_TNaCvHmTHu6pB8k4JVY4g,Abifa
219,Gilak si keren bgt ini iklanğŸ˜ŠğŸ˜ŠğŸ˜ŠğŸ˜Š,4,2 months ago,/channel/UCMg3EH50V8oblA2hv0iQ3xw,Ade Iskandar
220,Kereeen kk bor,17,2 months ago,/channel/UC1wYlhUI3-m-ajTODEesjXg,Ridwan Efendi239
221,Akting nya natural. Tetep keren  apapun skenarionya. Sisi lain darimu bs ngelawak jg hihiii. Biasa nya cool,4,2 months ago,/channel/UC3-ORohrXAwz9Yj9CR2iYvw,Berty Cresvio
222,Gokil abis gojek mantap ğŸ‘,6,2 months ago,/channel/UCPculH4pK0Jbdx4uonQm8Wg,TOJT CHANNEL
223,"mantulll gaesss,,,,",38,2 months ago,/channel/UCV6O62OCBkBQG5rZ8Rn_wuw,Ponco Hadi
224,Ariel aja yg cool bisa bikin orang senyum2 dgn kata2 di video itu,5,2 months ago,/channel/UCNnxKYavXyQuRstOgrq7LdA,diaz attaya
225,Gokilll...  Iklan fantastis..  Gak trpikir juga bang boril bisa smpk segitu ekspresif,8,2 months ago,/channel/UCrJxjBFy8P5VEgG5AY2B9PQ,Arika Silvi
226,Keren.....,16,2 months ago,/channel/UCqukzxBOKzomfKfB1Llqxlg,CICADAS speziale
227,Gojek patut diapresiasi masih pake artis lokal buat promosi.,4,2 months ago,/channel/UC8T-SYxit2pTIYPKd6mpcWQ,Idham Aja
228,Gojek jaya selalu semakin maju apa lg ada ariel noah,5,2 months ago,/channel/UCj0D23tTlHjEi80upn8wAfg,rafli fahrizal
229,"Udah berkaliÂ² nonton ni iklan, nagih sih. Wkwkwk serasa kyk dengerin monolog pas mau konser noah ğŸ¤£ğŸ¤£",8,2 months ago,/channel/UCsEg6Ssn5dJdHgp-pBMVHxg,Nayla Amuph
230,"Paraaaahh, keren bangett iklannya.",4,1 month ago,/channel/UCPxz0U4cdr5UIbR38koB_tA,Keratif Film School
231,Kreatif banget iklannya ğŸ˜ŠğŸ‘ğŸ‘ğŸ‘,4,2 months ago,/channel/UCFUI9ItyjFthmpySsa1moww,immank_inst
232,Gokil dah,27,2 months ago,/channel/UC4girljYKRiSu-O-mpRg5uQ,Agil Wintoro
233,Team kreatifnya keren,4,2 months ago,/channel/UC7N_3_Dp2Azk_dzyxdyU1kA,Teguh Cipta
234,tetap ngakak meskipun dah liat berkali kali,3,1 month ago,/channel/UCjQeH6qf6SJxMDPV_8c_PSA,Elnoval Mysan Ramadhan
235,Baru kali ini nonton iklan sampe full .. keren boriel,7,2 months ago,/channel/UCwwLG3Wd3awy3xskxOb7m6A,Rhmadna Arbaeni
236,Kocakk ğŸ˜‚,13,2 months ago,/channel/UC4Ojrosn6aeOQWm1hlyHECQ,chandra wiradhika
237,Iklan tp ky film..keren bgt ğŸ‘ğŸ‘ğŸ»ğŸ˜,6,2 months ago,/channel/UCV9sXxwsTo_JBKmDTzoEgHg,Hasanah H
238,Lucu banget anjirrr ğŸ˜‚,9,2 months ago,/channel/UCcgmf6sDwcUqwfAbkA7kGJQ,Cleanoz Pasuruan
239,kalo iklan bintangnya bang ariel..gua rela gak skip..sampe selesai:),4,2 months ago,/channel/UCRLWQe3tBoirTU6d0IwRd6Q,Mabar TV
240,"Keren abis kang, suaranya jiiirrr.ademm banget",6,2 months ago,/channel/UCjF5MZHwXRrSYbH-wbDbV-Q,Tahta Sangir Official
241,Kalian luar biasa,10,2 months ago,/channel/UCBrOUoWOaZhLxz-bxRxyqIg,Haryanto Zah
242,Gosend luar biasaaa,7,2 months ago,/channel/UCK-_R7L6jo5muuV4dJKnMFA,Lendy Vi
243,yaampun iklan panjang yang mau banget aku tonton sampek abis T_T kerennn bgtttttttttttt,8,1 month ago,/channel/UCR4lvQi714ob-eKzTsqM6zA,FS_ Adinda Lutfi
244,"Biasanya iklan diskip, yg ini ditunggu pengen denger suara renyahnya yg kaya kue nastar",7,2 months ago (edited),/channel/UC5WowY0195mS5A-5IB3a8-Q,Manda Amanda
245,Asli lucu banget inspiratif.. kalo yg ngebawai nya arel Noah apa aja pasti mantul,7,2 months ago,/channel/UCieBJR6QQPFwxjNiI5ptyCQ,Tarya Tampans
246,Apakah gergaji adalah gaji yg lebih gerğŸ¤£ğŸ¤£,10,2 months ago,/channel/UC5GtXqiM_zk0zFoDIkaMu-A,Alfi_Alfianto
247,cepet bget y ud ampir 2 jt view prasaan kmren bru ratusan k view...gk nyangka antusias masyarakat tinggi liat boril dlm 3 mggu trkhirğŸ˜„,7,1 month ago,/channel/UCAMrwy2-f1hEuD1YJufQMQA,Ade 456
248,Baru kali ini saya nonton iklan sampai full ğŸ˜‚,10,2 months ago,/channel/UCbmwioI5wJVIsTn3lC0W31w,SCROLL TAP
249,"Suara khas mang boriel
Emang khas ditelingağŸ˜ğŸ‘",9,2 months ago,/channel/UChzA3FSXLTJQZWJPiwWKxyw,zy_bajry
250,The only iklan yang aku tidak skip dari youtube ğŸ˜…ğŸ˜…,5,2 months ago,/channel/UC-fOnEagqn-8wS_3BCuddrw,lynns
251,Hanya gojek yang mampu meruntuhkan wibawanya arielğŸ˜‚ yang setuju mana suaranyaağŸ˜‚ğŸ˜‚,4,2 months ago,/channel/UCqXcxaQGqmHwuh4Nc1NmVMQ,najam vsl
252,Tolong perbanyak iklan kreatif kayak gini,9,2 months ago,/channel/UCPxl0lPSM64f-0rV7Xu3Qrg,Mr Rabbit
253,"selamat ulang tahun Idol... Doa terbaik untukmu. 
Lahir rabu manis 
Dan bln September
Sama sperti saya sendiri . Idol sejak 2000 jaman kaset CD bajakan. 
Itu yg cuma saya bsa beli dr hasil ngumpulin uang saku dsaat itu 200rupiah saya dikasih ibu dan di kumpulin hampir 3mingguan bsa beli CD bajakan 5rb 3 kaset seneng yg paling saya ingat bs membeli full peterpan tahun 2000 an sebagai anak desa dan ibu petani tk mempunyai TV hanya vcd saya udah senang.... Terimakasih ariel km yg memotivasi rambut belah dua ku dulu  , trs membeli tas pinggang serta baju yg td ny normal ku jadikan baju lekbong dan tentu menyukai celana cut bray. Memori kecil ku tulis di komen ini... Saya bangga mnjadi sahabat noah.",4,2 months ago (edited),/channel/UC_Gub0gE_W1eobeCtOPE3Eg,cui boriel
254,Tolong buat bang Ariel jadi aktor utama sebuah film...,4,2 months ago,/channel/UC3912fSC0Vt5OHwNRBOW7-w,Jekwin Sihombing
255,"Lucu,keren,sempurna. Sepatu ditangan kardus dibuang",8,2 months ago,/channel/UCDp-cIONMPuzmhUEmyiOD9g,Aldrian Naka
256,"Keren.... 
 Konsep nyambung sm lagu nya....
Top",9,2 months ago,/channel/UCUcYTDYYTK2KfKTXsgnnBiw,MrYusufefendi
257,"Iklan terkereennn, Ariel Noah bestttt
Baru x ini liat bor teriak ğŸ˜†ğŸ˜†",7,1 month ago (edited),/channel/UCYNEiWgDBg2dXz9ung8HYYw,Wit Wulan
258,"Kreatif n lucu,, mantab",10,2 months ago,/channel/UC5KXrroBstCLQec3e9n7qfA,Bumbu Pawon Babe
259,"Jdi keren bgini iklannya, mantul bg aril",5,2 months ago,/channel/UC4g5RPkE1QG-s9y7Wl19N5w,Ricky Gunawan
260,Rela liat terus klo ada Ariel ğŸ˜,8,2 months ago,/channel/UCpmtqBiiJt73_blnkGKd0kg,Shirataki Surabaya
261,"gojek, ga pernah ngecewain kalo bikin iklan",6,2 months ago,/channel/UC28pgdSIrDVRCPm-JSnzuzw,AWTA Channel
262,Lucuuu ...gokill..kerennn..klo aril bintang iklan nya auto bagus..,4,2 months ago,/channel/UCnn1glS-wMSdHKKKkNthlrQ,Ade Budi
263,Keren,30,2 months ago,/channel/UC-CaemePzlvA5pKdUfy-zzw,fiev
264,Semangat terus ka Ariel,2,2 months ago,/channel/UCCiLEyrY3CxpNCZajdhxFsQ,Razky Band Official
265,"Iklan terkeren ğŸ‘ğŸ˜ suka kebayang klo ariel main pilem, pesonanya itu loh miri sharukhan gak ada matinya ğŸ‘",6,1 month ago,/channel/UCaPqdEE0KwmiUFA4Pib5ftw,Zahra Mealyanie
266,Mantep bang boriel ğŸ”¥ğŸ˜€,11,2 months ago,/channel/UCuJp50Yj5P3Fh9BC_yU9CTw,BayuVersus
267,"Memang kalo baru tambah umur komedinya juga ngikut
Chaaaaaks",3,2 months ago,/channel/UC7NLBswJtt5SRHfOwdQZLHw,Fathoni Rahmadi
268,"nonton iklan ky nonton film ya,disimak banget,ujung2nya ketawa sendiri,emang nie ariel...",6,2 months ago,/channel/UCfEeq71Dw_AmMFEoDcrV3Rg,wati tiannadda
269,Keren,13,2 months ago,/channel/UCEcz5NQe4ioMBsiGA7waSqQ,Agung Mansur
270,Gokil...gojek ğŸ‘ğŸ‘ğŸ‘ğŸ‘,5,2 months ago (edited),/channel/UCWpRoZeVjoJL6ACpZQTVt-Q,raditya sakti
271,"anjiiiiiiir keren gila... bikin ngakak, keren parah",6,2 months ago,/channel/UCDcQ9aOzWrC4X7F_9cRZNhQ,D J
272,"Udh cocok si menurut gw boriel jadi aktor  film, yo bisa yo semoga ariel ditawarkan lagi main film layar lebar",11,2 months ago,/channel/UCTXduEIndihQ-5fo7bXqVNw,Bayu Krismawan
273,Ariel memang the best lah,8,2 months ago,/channel/UCidC9sGyRq5MVsHl8MCZz_w,Saras ayu Lestari
274,"Admin, tolong iklan nya di panjangin. Biar makin seru ğŸ˜‚ğŸ˜‚ğŸ˜‚",8,2 months ago,/channel/UCo1HNCUCQxgl6mbCK_GJg9w,it's me
275,"Idolakuuuuuuu, kerennnn bangettttt, gemassss",7,2 months ago,/channel/UCEE9oufepzUyRFjbfbRLX2Q,Ruswidayanti 14
276,. Asli ketipu kupikir lagu barunya... Tapi bgus jugaağŸ‘ğŸ‘ğŸ‘,4,2 months ago,/channel/UCzk9l5OPVTOBFlNzHcbF5-Q,Atmawijaya09
277,Si Ariel mau gimana juga tetep aja good looking,5,1 month ago,/channel/UCfg2-DpDmGZ900c2Bk3A9PA,ari johan
278,2:33ğŸ˜± beruntung banget bisa foto Ariel Noah Ketemu langsung jadi iri sama yang antar paket ğŸ˜£,9,2 months ago,/channel/UCKK46C_uiiiWIBeAMieC9OA,Dahep Jatnika
279,"Anak band âœ”ï¸
Aktor âœ”ï¸
Lengkap sudah ğŸ˜",4,2 months ago,/channel/UC6anhIqcH4dhI3rmRuZyc5Q,bilsky19
280,iklan favoritâ¤,8,2 months ago,/channel/UCBYslQQEJBQSPaIRZhvbyPg,nyonya_kecil
281,sayang bgt bukan yg versi ini yg ditayangin di tv,6,2 months ago,/channel/UC4MQ1xcLysza0hZGWI7ihkA,lyne melyne
282,Wahh lucu dan keren ğŸ‘ğŸ‘ğŸ‘,5,2 months ago,/channel/UCl9y1k4bIBv4Y9AkM7swYlw,New Slamz
283,"nemu di tv nyari di youtube.

Sini ngumpul..

Percayalah gojek km akan trending lg. Krn ada ariel",7,2 months ago (edited),/channel/UCiSd6sgKPFH5UXRqD5u6Xlw,"Referensi Desain Rumah â€¢ 1,1 jt"
284,Udah ku ulang 20x lebih tetep gabosen :),4,2 months ago,/channel/UCm8l8jU-m4AXp-Wk4eLVSsg,Yulia Citra
285,Keren bngt asli,5,2 months ago,/channel/UCSwfm5JO1rsEPhqhZ1BTYIw,kembar imut
286,Baru kali ini gw nonton iklan sampe fulll ğŸ‘ğŸ»ğŸ¤­,7,2 months ago,/channel/UC2SXE9dOYshYYZwkwJyDNIg,Maniac Youtube
287,"Baru kali ini aku betah nnton iklan ğŸ˜‚ğŸ˜‚
Bang bOriel....lv ğŸ¥°",9,2 months ago,/channel/UCq6PQcRuGYciQdqum6LBbOw,Asti Sb
288,Sengaja pengin liat ini iklan di ytb ternyata bisa lucu gini yaa ğŸ˜…,4,2 months ago,/channel/UCfyAAU5kr78exeYLob9Q5NA,Dani Rahmawati
289,Iklan yg hari ini gue cari dan tonton sampai habis berkali-kali..,7,2 months ago,/channel/UCzQIrp4qKsFW9hkzcLQey7A,difan faddra
290,2:02 nama2 jalan sama nama penerima bikin ngakak abisğŸ˜‚ğŸ˜‚ğŸ˜‚,4,2 months ago,/channel/UCtILcrR0-bgH7ZiDUxiDYSw,RawRaw Shed
291,Baru x ini nonton iklan betah sampe di ulang2 ğŸ˜Š,3,2 months ago,/channel/UC6H-uOacQigV8X6mip-1YgA,Cuee Lemon
292,ngakak woilah ğŸ˜­ğŸ¤£ğŸ¤£,26,2 months ago,/channel/UCWqZAth3DRal_6OaQN2Aslg,ika julianti
293,MANTAP GOJEK ğŸ‘ğŸ˜ğŸ˜ğŸ‘,2,2 months ago,/channel/UCl5Ib_BSjUfMSqaIW1nqEwQ,Yayah Rohayah Official
294,"NGAKAK, LAGU KEADAAN, SEMUA JADI 1 ğŸ¤£ğŸ¤£ğŸ¤£",4,1 month ago,/channel/UChj6LiHUsqx3n_Lk8EP3eXg,Azry Koe
295,"Bingung apa yang harus di kerjain, ampe ngmandiin motor tetangga ğŸ¤£ğŸ˜‚
Keknya sekalinya boril bingung,pekerjaan rumah tetangga langsung beres ini mah, mau dong jadi tetangganyağŸ˜†ğŸ˜†",8,2 months ago (edited),/channel/UCfzC9yUS99Vh83qCo0jjmkw,Ihsan Hafidz Nuryasin
296,HAHAHAHHAHA Baru ini nonton iklan berulang2...NGAKAK SO HART,11,2 months ago,/channel/UCnSZ-8VtgSASU6pQwlu9ecg,MAS BRO
297,"Kesini gara gara ada iklan model nya bor,,,kali ini bor kocak abis",5,2 months ago,/channel/UCDecQdfdJoLGvmkl_1De9vw,Andri Yulianto
298,Iklan GO-SEND Paling Se Paling-Palingnya...ğŸ˜ğŸ˜†ğŸ¤—,7,2 months ago,/channel/UCDvBXGkWpbmlFWxQJ1uePGQ,Mochamad Arief
299,kereeeen bgt ğŸ‘ğŸ‘ğŸ‘ğŸ‘,5,2 months ago,/channel/UCGRSl0SkJFvJjdhUl3WzFVA,Enji Nurham
300,Ariel serba bisa,7,2 months ago,/channel/UCzkjwRTUBfaykJ7c1Hs0PxA,Beyou Self
301,"""pak mirip ariel ya?""
si bapak ""ah nggak, jauuh""
humorku sebatas si bapak bilang jauuuh :(",7,1 month ago,/channel/UCPydrTkAD9DUwrzWtWO2J_g,Jewelry Diza
302,baru kali ini ga bosen ngulang2 iklan wkwkwk,6,2 months ago,/channel/UCE7lh5PupBINmMmzcimg3lw,Cicik Yudha Nugraheni
303,Bahagia itu sederhana,6,2 months ago,/channel/UCpLs-SxR9Z5005qBY3Vi_lg,Ronny Meyrico
304,Karena sepatu..aku disini ğŸ¥´ so lain liriknya ğŸ˜…ğŸ˜‚ğŸ¤£ bdw kirain nungguin sang pendamping sampe jadi stress.  Ternyata hanya nungguin sepatu ğŸ¥´ğŸ˜‚ğŸ¤£ğŸ˜‚ mantap iklannya.. bikin stress q jadi hilang ğŸ˜‚ğŸ¤£ğŸ˜…ğŸ™,5,2 months ago,/channel/UCnG7Ty7v5HVNaNL3g6aqQSg,Izhen Awan
305,Cuma ariel yg difoto kurir tetep kece ğŸ˜‚ğŸ˜‚,4,2 months ago,/channel/UClFCkh0dqwdI-UkfDNaNIAw,ivan blow
306,Salam MITRA GOCAR SAMARINDA . .,22,2 months ago,/channel/UCAlCP04K2E_7IgS3HOCeTQg,BDSM USMAN
307,"Entah gw doang atau yg lain juga sama, setiap ditungguin pasti lama datangnya giliran ga di tungguin cepet datengnya. ğŸ¤£",5,1 month ago,/channel/UCl96JbjFzuQdHhPvWxrzfig,Muhammad Arif
308,pokok ny klo iklan pke ariel noah ga ada yg dislike lebih dri 10,3,2 months ago,/channel/UCm210xvJ42zOL7Fv76FuFrw,pepeng Kurniawan
309,"Karna Sepatu Aku di Ssinnii ğŸ¤£
Ngakak Anjirrttt ğŸ¤£ğŸ¤£",7,2 months ago,/channel/UC6fWHJbXLCmPqRhWWqxkrqA,Maulana 13 Ytb
310,Keren ini mah iklanya... Apalagi expresi boriel ğŸ˜…ğŸ˜…,2,1 month ago,/channel/UCIgoEGPP52tL97n8j4UgQww,Dek Atan
311,ya ampunğŸ˜†ğŸ˜†ğŸ˜† bagus banget iklannya,3,2 months ago,/channel/UCyNhpSlYGfbDMG-AwqtPOyg,linda srimuliani
312,Gak mau skip kalo iklan nya kaya gini mah,8,2 months ago,/channel/UCO3Qw_XWzp_tECXWRwrDrKQ,Vira Asfianita
313,Hahahahahaha suka iklannyaaaaa ğŸ˜†,4,2 months ago,/channel/UCZSVYGy5NGAbmDaYFBeWaUA,Meiza Amsy
314,"Luar biasa,idolaku",5,2 months ago,/channel/UCehHpgVMeMsdjlL-Hm91c2A,Ida putu Pastika
315,padahal paling males  lihat iklan tp kalo boriel yg main no skip,7,2 months ago,/channel/UCLdkCiANUq2jszAeZnuNeuA,Hamzah Iya
316,"ya Allah bang bor gabut ajah bikin gergaji, nyuciin motor tetangga ğŸ˜ğŸ˜ğŸ˜ğŸ˜",3,2 months ago,/channel/UCbuiqZMTU3aoeCK3WUIEDkg,kokolokop kokolokop
317,gokilll bgt si iklan ini,5,2 months ago,/channel/UCsY0qjvIulLbc9y7_Zm2-ew,Anna Tv
318,"Biasanya iklan diskip, ini malah di cariğŸ˜",9,2 months ago,/channel/UCQ1V3yhlcrFu9otCNqdmBKQ,rasyif prialdi
319,anjirr lucu pisan ğŸ˜‚ğŸ˜‚,3,2 months ago,/channel/UCV2EoH1WqWTXI_Hw7mZfIqA,Ipang Fotografi
320,Anjiir Ariel Napa jadi kocakkk gini wooooyyyy ğŸ˜‚ğŸ˜‚ğŸ˜‚,6,2 months ago,/channel/UCokjRhZxaisusChjh0sSiPg,Pejuang anti porno atau bokep
321,Kata katanya emang gokil wkwkwk,4,1 month ago,/channel/UCdK7u3xBSgqq5NY7wayeLSw,Kembang Rawe
322,Cuma ariel yang baca Terms and Condition ampe abis ğŸ˜‚,4,2 months ago,/channel/UC_Trd3Yy2dhBwVnV2u_O1oQ,Dennis
323,Nih mah iklanya top markotop dah ayuhh pakai gosend ramaiii kueenn,7,2 months ago,/channel/UCocMOKWwZH4FRbbqKaThY7w,muhammad romin
324,Kereeen Ariell,6,2 months ago,/channel/UCOWUFsh2tCebEMH1WQCEbSw,wildan fawzi
325,Baru iklan ini yg ga gue skip ğŸ˜†,5,2 months ago,/channel/UCXTORUOn7jJuZWe-pIi6aAQ,ifunk josafhat khelif
326,Aku terhibur kalau iklannya kayak gini,6,2 months ago,/channel/UCDsXa9zP_0jnFLeW98KH1ew,Wiji Lestari
327,Luar biasağŸ˜„ kocaknya,4,2 months ago,/channel/UCwFOkws_zy84wYAv6thZaeQ,Ahmad Hidayatullah
328,Cuma gojek yg bisa bikin seorang Ariel jadi receh begini hahahaha,9,2 months ago,/channel/UCMErLBbOnhvAMvsxuHel26w,helmi engaw
329,GokilğŸ¤˜ğŸ¤˜,7,2 months ago,/channel/UCnYC2bu0WpKtjHl0hcJPKFA,adhe Rama
330,ğŸ¤£ğŸ¤£gokilllll abieeeezzzzzzz,3,2 months ago,/channel/UCsakabiPgu4sJCZLUUH-_aA,Yuni Murdiningsih
331,Keren pokoknya,3,2 months ago,/channel/UCBbX1vK_kZnlgDbTqOWJJlw,Mari harahap
332,"Iklan paling menarik sepanjang sejarah.
Emang mahal nih orang",7,2 months ago,/channel/UCT3lYJZXHr0RBGvo4DiM7Jg,Zulkarnaen Andi
333,Lucu pisanğŸ¤£,4,2 months ago,/channel/UC21rJKXUYxXhHqDzAkytasg,Minda Permadi
334,Iklan kok ditonton? Tapi iklan ini lucu. Dan Pak Ariel nya juga lucu....,5,2 months ago,/channel/UCEahkMFhyCx8m73JymSi73Q,dian prabawani
335,Keren sihh ini iklan terkereenn,7,2 months ago,/channel/UC4Ln8j7wJQ9cg8udcDllHRQ,Oman Lala
336,"baru kali ini liat iklan gak mau di skip,",5,2 months ago,/channel/UCrzr5xkI1bXV_ZErMYS44qg,Dhivan Sound
337,Kreatif bgt gosend bikin iklan...btw yg jadi bintang iklan nya mirip ariel ya....,4,2 months ago,/channel/UCZNxbCPEnfWYKp5U8tKuNmQ,Elvin Ed
338,Keren sumpah,9,2 months ago,/channel/UC6csiQ2tyWhUD5lFoAeEHKw,Mufid Ngabdul
339,Kangen konser yak?? Ampe beneran gabut begini ğŸ¤£ğŸ¤£ hati-hati ini para pelawak nambah saingan ğŸ˜„,3,2 months ago,/channel/UCz0dDTxGRVBZ8E-acc-qIbw,Thalita Shaafa Kamiilah
340,Biasanya lihat iklan tu langsung skip tapi yg ini ko betah yaa sampe tuntas ..,11,2 months ago,/channel/UCS0YWSVrd0tJML-asqwJpHQ,Achmad Setyo
341,gojek tokopedia   ğŸ’,4,2 months ago,/channel/UCB_6nF-3Dts1o8YW3-0r4FQ,ê¦ªê¦¤ ê§‘ê§•
342,"Tf is this? ğŸ˜‚
Never thought ariel would do something like this ğŸ¤£ğŸ‘ğŸ»",6,1 month ago,/channel/UC50htRuBmC0dkvnbBIywObg,Good Boi
343,Kreatif... ğŸ˜‚ğŸ˜‚,7,2 months ago,/channel/UCCjzmvFsDagzPN7wbrtXPxA,HitTut S
344,Bagus nih iklanğŸ˜…ğŸ˜…ğŸ˜… sutradaranya top,3,2 months ago,/channel/UCrmComG8hcvu-xaGed0l7ag,Rangga Aji Baskara
345,karena sepatuuhh aaakuuuu diiisiniiii~ ğŸ˜‚ğŸ¤£,5,2 months ago,/channel/UCHLjTfEsLZce0pmv6175kbw,mchmfarhan
346,jokes bapak bapak bgt ya allah borğŸ¤£ğŸ¤£ğŸ¤£,8,2 months ago,/channel/UCdgGoepYH83C-nxFwFMxwmw,Ariesta Apriliyawati
347,"Keren gojek dan ariel noah
Salam dr bogor kang hendi channel",4,1 month ago,/channel/UChQ1l2Cn5FuRFsW7ah7Gyfg,Kang Hendi Channel
348,hahaha creatipppp beut!!!,4,2 months ago,/channel/UCydWz6RiPD6eSeII165yjzg,Harvey Tupamahu
349,Mantap iklan nya bagus banget..,8,2 months ago,/channel/UC83VWF3ydlRCSNcKn0p0Wmg,hamdanatt att
350,real Ariel.hehe. . .keren dan menghibur,3,2 months ago,/channel/UCiDFetyV8SJvgpyMV3DY6tw,Ujang Dewi
351,"Gojek cuman berfokus sama kesejahteraan costumer, sedangkan untuk driver malah sebaliknya",2,2 months ago,/channel/UCRKAQt45a9Zw6N43rJulHQQ,Hendi Darto
352,Keren banget,7,2 months ago,/channel/UCvhYMBBmS0ivUB03dA3BpAg,Alta Reza
353,"Ngakak gue ğŸ¤£ğŸ˜
Lucu sekali",4,2 months ago,/channel/UCDvyzxFJNktHyLJs6_RGn4g,Dave Official
354,"Dilanjut iklannya, itu kan boril mau kluar nungguin sepatu dlu, stelah itu boril mau kluar eh tiba2 hujan, mau bawa mobil tapi mobilnya baru banget dicuci, sayang klo kotor lagi, nah disitu munculah ide untuk pesan gocar.. ğŸ‘ğŸ‘ğŸ‘",2,3 weeks ago,/channel/UC0oKCzQowY8P97nWDEYzcHQ,Olemik Bermimpi
355,lucu bgt ğŸ¤£ğŸ‘,6,2 months ago,/channel/UC9zKfFT4NvcFOxEQKLw8N6Q,Ety Suprih
356,"Hahahaha bang Ariel nih bisa aeee,, wkwk KERREN",2,2 months ago,/channel/UCYUoGy1mKjs1xU1TNfnfhPg,Fikri Fahruroji
357,"Dari tahun 2018 saya jadi driver gosend, lama2 lelah juga, jarak pengantaran antar kota antar propinsi.",2,2 months ago,/channel/UCme3ES_bxsbAd14PcXCxe9Q,Yasin supriyanto
358,Baru pertama liat iklan dg ikhlasğŸ˜‚,7,2 months ago,/channel/UCsVNKsMSsNMBUGDm-v9huQA,ÄÃ¸Ã§Ã¬
359,Luar Biasaaaa,5,2 months ago,/channel/UC7CKBSET3v8ndwKH2olQX9Q,Hengkydforlan Hengky
360,Mantul Iklannya Ariel Noah ğŸ‘,7,2 months ago,/channel/UCnNY0UakBvXYyegLhOurhIA,Azhari Wahyudi
361,"Hh lucu juga 
Padahal cuma iklan tp Gw puter berkali2 knp y...",5,2 months ago,/channel/UCvtekWIktoLwS7c9l2xvlXQ,Uddin S
362,Gue ulang terusssssss. Ngakak,5,2 months ago,/channel/UC5-P_afl7K4P_8o8VpJ8BoA,Nonaduma
363,"Biyasanya klo ada iklan langsung aq skipğŸ˜, tp klo ini mlh w puter ulang 2 kali njirrrr...ğŸ˜…ğŸ¤£ğŸ¤£",7,1 month ago (edited),/channel/UCuP_t5xlnGZD-iMS8rAa7Ug,Sueb Cupu
364,"Kreatif, keren....",4,2 months ago,/channel/UCpk0adRUKCkMJjAIIhf4eAQ,Fauzi Rambe
365,Gokillll...go kilattğŸ˜…,3,2 months ago,/channel/UCtyTlPirpG8BPNV9ONbCaig,Tri Haspi
366,"Keren, idola",8,2 months ago,/channel/UCl2B2v5UU8cdKKSBR0b-YMQ,Maharani
367,Pengen bungkus Mas Ariel terus aku bawa pulang!,3,2 months ago,/channel/UCGlQ8gjJnCXnIKQ65edN1gQ,Intan nanoel
368,Nih iklan gurih bener kayak bumbu indomie goreng,5,2 months ago,/channel/UCaheps4RBxSbs6ajeKDmuNA,Gunawan Agun
369,Walaaahh..kocaaak pisanğŸ˜‚ğŸ˜‚ğŸ˜‚ğŸ˜‚ğŸ˜‚ğŸ˜‚ğŸ˜‚,6,2 months ago,/channel/UC_SWra_xEsxMNQzyIhPiqlw,chesster
370,Buahahaha nungguin paket dateng udah kyak nungguin istri pulang dari pasar.,3,2 months ago,/channel/UCYtPj2figxjuwMqYb6xO7Cw,Tito Alf
371,Marketing gojek pintar kali abang ini,4,2 months ago,/channel/UC672stF7_4IU9m14AhbxN7Q,Supyanto Aja
372,Karen banget a boriel,14,2 months ago,/channel/UCC3GqDj4jg_dZ_xxs4u3m0w,Janur nurjaman
373,Mantap untuk Abang Ariel,3,2 months ago,/channel/UCBbX1vK_kZnlgDbTqOWJJlw,Mari harahap
374,Gokil bgt konsepny wkwkwlw,4,2 months ago,/channel/UCt9lYHhZceRyymy6kFDWXhA,Ciamis Mania
375,Sebelum meluncur iklan di tv ini mh udah keburu trending di youtoub...awok...awok..josss boriiiel...kerrrenn,11,2 months ago,/channel/UCVZoRnPt3WwD593gcBvEJQA,Mia Isporima
376,Mantap banget ka.,5,1 month ago,/channel/UCmdMB2MVJ4C2bKuRyQrUuag,Rohman Hasyim
377,"Anjir, antara serius dan gak serius nih nonton harus 5 kali.",5,2 months ago,/channel/UC_E8O77jW4ak8__IIgFxxYQ,Aditya Cipta Gumilar [Nciv]
378,First time to see boriel's house,57,2 months ago,/channel/UCcoAXKuRhRuAux1ZTdLI0vw,Briliant Agung Madani
379,"kalau disetiap iklan ariel disuruh ngelawak, lama-lama ariel ganti profesi ini ğŸ˜Œ",2,2 months ago,/channel/UCM2aJ0vhCHZMnSkV6hm7FDg,Singgih Priyo w
380,Bgus bnget suarany,6,2 months ago,/channel/UC1DBzI8vspFTio7F4N9GZcw,Wisnu Dena
381,Good one ğŸ˜‚,2,2 months ago,/channel/UCYnqCqH0sGpOucGfR_Iys2w,Sherloque Wells
382,Cuma iklan ini doang yg gw liat ampe abisssğŸ˜‚ğŸ˜‚ğŸ˜‚,5,2 months ago,/channel/UCb_UmFXMfsr3ChssN_JNlfA,ilmam kasyfurrahman
383,Ngakak keren,42,2 months ago,/channel/UCHh_lcv_DDHQbE5NqML6rkQ,yusuf alfaldi
384,Keren nih iklan nya mantap,4,1 month ago,/channel/UCfeb_Ea9L8NF9DPfVcmRY9Q,Nur Hidayatulloh
385,Kenapa gak jadi aktor film ya .padahal actingnya natural ğŸ‘ğŸ‘,6,1 month ago,/channel/UCSH4H4bc8Q7nvAtUFx_Dnbw,ERIE JOKER KID'S
386,"gergaji = gaji yg lebih ger ğŸ¤ª
kalau aku stuck di kamu aa borill ğŸ˜€",8,2 months ago,/channel/UCeDjDMZUzp9lZb8RAai7Jng,vea Lovea
387,Kerennnnnn betzz,4,2 months ago,/channel/UC1-v7Kz9599qv9oCd8FbTcg,Kiki Mandasari
388,"Haha, mantap iklannya kang bor",3,2 months ago,/channel/UCnXBpFrTDKWljsIAd9o7wEQ,Rian Kloito
389,"Iklan aja udah naik 1,2 jt penonton nih keren bang boriel",10,2 months ago,/channel/UCo8Qph7XVHXS3gyWVmE64fg,adi ismunandar
390,"""Iri ngga..irilah masa ngga"" ngakak",5,2 months ago,/channel/UCdoLsUD3SNWllMVgI1dqBaQ,Adul L
391,Aku menunggumu iya aku menunggumu paket dari GOSEND hahaha,5,2 months ago,/channel/UCicN2yXK3IPb1RU-uxIi7sA,Sahabat Noah Pasuruan
392,"""KARENA SEPATU AKU DISINI""",6,2 months ago,/channel/UCjQR0h0R-N2vj41DjzBJv4Q,pending selamanya
393,Nominasi iklan terbaik nih,3,2 months ago,/channel/UC70g47NU28gdNRDpJKjVUWw,Yusuf Gresik
394,Karna sepatu aku disini njir lirik nya keren,3,2 months ago,/channel/UCGw028v_SfZztwMjMB7etew,Cah Blitar
395,Kren bang bor.. Lanjutt lah,9,2 months ago,/channel/UCl0llc62_VrjAl46Lsa7f0Q,C'juNonG tEa
396,Njiss Alus si Boriel apa aja cocok dia mah ya..serba bisa saluttt,3,2 months ago,/channel/UCm0IiTkqFNgOxu0w5310bNg,Airlangga Airlangga
397,Kaarena seepaaaatuuu aaaaakuuuu diiii siiniiiiii...beliau luar biasa,5,2 months ago,/channel/UC60Q-FWA180Woi_uauAxxIQ,INSOM
398,"Edaaannn, iklannya udah kyak short movie comedy hahaha",6,2 months ago,/channel/UCYtPj2figxjuwMqYb6xO7Cw,Tito Alf
399,Hahahaha ariel mantap,3,2 months ago,/channel/UCKRqJ4K6eNYINcjSfiCMp9g,Rizky Nurzaman
